{"name":"t:sections.footer.name","type":"footer","sections":{"footer":{"type":"footer","settings":{"color_scheme":"accent-1","enable_follow_on_shop":false,"show_social":true,"enable_country_selector":false,"enable_language_selector":true,"payment_enable":true,"enabled_payment_types":"","show_policy":true,"branding_text":"<a href=\"https:\/\/shrinesolutions.io\/\" target=\"_blank\" title=\"Shrine Theme\">Powered by Shrine<\/a>","margin_top":0,"padding_top":32,"padding_bottom":20,"custom_colors_background":"#121212","custom_gradient_background":"","custom_colors_text":"#ffffff","custom_colors_solid_button_background":"#ffffff","custom_colors_solid_button_text":"#121212","custom_colors_outline_button":"#ffffff"}}},"order":["footer"]}